Trait,CF_Gap_Normalized,CF_Gap_CI_Low,CF_Gap_CI_High,p_value,Significant_0.05
Intelligence,0.08,0.07,0.08,<1e-6,TRUE
Determination,0.1,0.1,0.11,0.012,TRUE
Calmness,0.11,0.1,0.12,<1e-6,TRUE
Politeness,0.11,0.1,0.12,<1e-6,TRUE
Aggression,0.12,0.11,0.12,<1e-6,TRUE
Sophistication,0.11,0.1,0.12,<1e-6,TRUE
Incoherence,0.17,0.16,0.18,<1e-6,TRUE
Rudeness,0.13,0.12,0.13,<1e-6,TRUE
Stupidity,0.12,0.11,0.13,<1e-6,TRUE
Articulation,0.14,0.13,0.14,<1e-6,TRUE
Unsophistication,0.15,0.14,0.16,<1e-6,TRUE
Laziness,0.12,0.11,0.12,<1e-6,TRUE