Trait,CF_Gap_Normalized,CF_Gap_CI_Low,CF_Gap_CI_High,p_value,Significant_0.05
Intelligence,0.15,0.15,0.16,<1e-6,TRUE
Determination,0.03,0.03,0.04,<0.001,TRUE
Calmness,0.13,0.12,0.14,<1e-6,TRUE
Politeness,0.16,0.15,0.17,<1e-6,TRUE
Aggression,0.14,0.13,0.15,<1e-6,TRUE
Sophistication,0.25,0.24,0.26,<1e-6,TRUE
Incoherence,0.37,0.36,0.38,<1e-6,TRUE
Rudeness,0.16,0.15,0.17,<1e-6,TRUE
Stupidity,0.22,0.22,0.23,<1e-6,TRUE
Articulation,0.38,0.37,0.39,<1e-6,TRUE
Unsophistication,0.36,0.35,0.38,<1e-6,TRUE
Laziness,0.24,0.23,0.25,<1e-6,TRUE