Trait,CF_Gap_Normalized,CF_Gap_CI_Low,CF_Gap_CI_High,p_value,Significant_0.05
Intelligence,0.14,0.14,0.15,<1e-6,TRUE
Determination,0.13,0.13,0.14,<1e-6,TRUE
Calmness,0.21,0.2,0.22,<1e-6,TRUE
Politeness,0.23,0.22,0.25,<1e-6,TRUE
Aggression,0.2,0.19,0.21,<1e-6,TRUE
Sophistication,0.23,0.22,0.24,<1e-6,TRUE
Incoherence,0.37,0.35,0.38,<1e-6,TRUE
Rudeness,0.27,0.26,0.29,<1e-6,TRUE
Stupidity,0.19,0.18,0.2,<1e-6,TRUE
Articulation,0.28,0.26,0.29,<1e-6,TRUE
Unsophistication,0.37,0.36,0.39,<1e-6,TRUE
Laziness,0.14,0.13,0.15,<1e-6,TRUE