Trait,CF_Gap_Normalized,CF_Gap_CI_Low,CF_Gap_CI_High,p_value,Significant_0.05
Intelligence,0.15,0.14,0.16,<1e-6,TRUE
Determination,0.21,0.2,0.22,0.229,FALSE
Calmness,0.19,0.17,0.2,<1e-6,TRUE
Politeness,0.23,0.22,0.25,<1e-6,TRUE
Aggression,0.21,0.19,0.23,<1e-6,TRUE
Sophistication,0.14,0.13,0.15,<1e-6,TRUE
Incoherence,0.27,0.25,0.28,<1e-6,TRUE
Rudeness,0.23,0.21,0.25,<1e-6,TRUE
Stupidity,0.18,0.16,0.19,<1e-6,TRUE
Articulation,0.21,0.2,0.22,<1e-6,TRUE
Unsophistication,0.26,0.24,0.27,<1e-6,TRUE
Laziness,0.11,0.1,0.12,0.023,TRUE