Trait,CF_Gap_Normalized,CF_Gap_CI_Low,CF_Gap_CI_High,p_value,Significant_0.05
Intelligence,0.02,0.02,0.02,<1e-6,True
Determination,0.01,0.01,0.01,<1e-6,True
Calmness,0.06,0.06,0.07,<1e-6,True
Politeness,0.08,0.07,0.09,<1e-6,True
Aggression,0.08,0.07,0.08,<1e-6,True
Sophistication,0.24,0.23,0.24,<1e-6,True
Incoherence,0.22,0.21,0.22,<1e-6,True
Rudeness,0.08,0.07,0.09,<1e-6,True
Stupidity,0.07,0.06,0.07,<1e-6,True
Articulation,0.26,0.25,0.26,<1e-6,True
Unsophistication,0.28,0.28,0.29,<1e-6,True
Laziness,0.22,0.22,0.23,<1e-6,True
