Trait,CF_Gap_Normalized,CF_Gap_CI_Low,CF_Gap_CI_High,p_value,Significant_0.05
Intelligence,0.08,0.08,0.09,<1e-6,True
Determination,0.11,0.11,0.12,<1e-6,True
Calmness,0.11,0.1,0.11,0.016,True
Politeness,0.1,0.1,0.11,<0.001,True
Aggression,0.11,0.1,0.12,<0.001,True
Sophistication,0.08,0.08,0.09,0.004,True
Incoherence,0.11,0.11,0.12,0.758,False
Rudeness,0.12,0.11,0.12,0.599,False
Stupidity,0.11,0.11,0.12,<1e-6,True
Articulation,0.09,0.09,0.1,0.484,False
Unsophistication,0.1,0.1,0.11,<0.001,True
Laziness,0.09,0.08,0.09,0.445,False
