Trait,CF_Gap_Normalized,CF_Gap_CI_Low,CF_Gap_CI_High,p_value,Significant_0.05
Intelligence,0.16,0.15,0.17,<1e-6,True
Determination,0.22,0.21,0.23,<1e-6,True
Calmness,0.17,0.16,0.18,<1e-6,True
Politeness,0.27,0.25,0.28,<1e-6,True
Aggression,0.21,0.19,0.22,<1e-6,True
Sophistication,0.15,0.14,0.16,<1e-6,True
Incoherence,0.19,0.18,0.2,<0.001,True
Rudeness,0.24,0.22,0.25,<1e-6,True
Stupidity,0.1,0.09,0.11,<1e-6,True
Articulation,0.18,0.17,0.19,<0.001,True
Unsophistication,0.25,0.23,0.26,<1e-6,True
Laziness,0.07,0.06,0.07,0.051,False
