Trait,CF_Gap_Normalized,CF_Gap_CI_Low,CF_Gap_CI_High,p_value,Significant_0.05
Intelligence,0.12,0.11,0.12,<1e-6,True
Determination,0.1,0.1,0.11,0.065,False
Calmness,0.19,0.18,0.2,<1e-6,True
Politeness,0.23,0.21,0.24,<1e-6,True
Aggression,0.19,0.18,0.2,<1e-6,True
Sophistication,0.22,0.21,0.23,<1e-6,True
Incoherence,0.35,0.33,0.36,<1e-6,True
Rudeness,0.26,0.25,0.28,<1e-6,True
Stupidity,0.09,0.08,0.09,<1e-6,True
Articulation,0.25,0.25,0.26,<1e-6,True
Unsophistication,0.43,0.42,0.45,<1e-6,True
Laziness,0.13,0.12,0.14,<0.001,True
